Nama Kriteria,Bobot
K1 - Tanggung Jawab,0.5035027842793869
K2 - Kehadiran,0.26010126788836263
K3 - Pelayanan,0.13433322357586963
K4 - Kebersihan,0.06746854342522667
K5 - Loyalitas,0.03459418083115419
